Id,Name,Description,ReleaseYear,AgeCertification,Runtime,Genres,ProductionCountry,Seasons
1,odit,Velit libero doloribus natus.,1940,TV-Y,88,neque,IR,16
2,labore,Aspernatur provident est placeat.,1973,R16,185,"quibusdam, et, quo, debitis, similique",AT,8
3,animi,Inventore ea ipsa.,1901,TV-14,225,"totam, voluptas, voluptas, corrupti",TV,13
4,voluptas,Blanditiis adipisci amet amet voluptate aut et sed cum unde.,2003,MA15+,211,"consequatur, quam, eum, et, ipsam",BI,4
5,ea,Voluptas in et optio beatae cupiditate eos perspiciatis voluptatem est.,1996,TV-G,151,"voluptatum, qui, accusamus, ut",PY,10
6,aut,Molestias ut porro.,1909,PG,169,"officia, enim, laudantium, dolore, libero",US,16
7,eos,Consequatur sed quo et quibusdam quidem nulla iure magni veritatis.,1987,TV-MA,209,quia,VC,16
8,non,Praesentium rerum maiores minima omnis maxime qui id ipsa.,1931,6,50,voluptates,BT,11
9,praesentium,Occaecati sit quam molestiae ratione beatae ut rerum voluptate.,1934,X18,129,eum,GI,17
10,vero,Quis debitis sequi.,1992,AL,120,quod,MQ,3
11,vel,Est et dolorem.,1951,U/A,42,"aspernatur, et, ut, eligendi",HR,7
12,nemo,Aut impedit distinctio saepe.,1991,R,208,"non, eum, autem, est, explicabo",GA,3
13,deleniti,Natus repellendus qui placeat consequuntur voluptatem id.,1997,E,124,"a, quos, illum, quas, ea",SS,6
14,consequatur,Qui molestias aperiam maxime facilis et culpa vel rerum.,1912,9,54,"suscipit, sit, sunt",CL,7
15,rerum,Ullam explicabo ad ipsum et maiores dolor error.,1936,NC-17,236,"totam, quos, illum, omnis, quod",MC,17
16,quia,Accusamus molestiae qui.,1947,R18+,240,"sit, ut, itaque, a",AW,1
17,cum,Dolores eos quia natus officia officia quos.,1923,15,239,"aut, adipisci, explicabo, autem",BJ,5
18,occaecati,Modi dolorem architecto iure sit dignissimos quas.,1965,TV-MA,198,autem,AF,9
19,eligendi,In nulla quis magnam.,1982,TV-Y7,179,"ipsa, impedit, iusto, iure, molestiae",PN,14
20,molestiae,Voluptatibus aut neque dicta quia molestiae aut labore minima.,1921,TV-MA,94,"necessitatibus, et, porro, non",LV,3
21,recusandae,Temporibus sint est aut numquam soluta unde vel.,1994,S,44,quia,BL,16
22,consectetur,Dolore est quam ut iste ipsam voluptate molestias inventore nobis.,1913,E10+,46,"rerum, dolores, voluptas",PY,10
23,ipsa,Quibusdam in aut aut.,1960,R21,45,placeat,IE,12
24,quia,Voluptatem omnis commodi natus quod sunt unde quae eius.,2001,15,154,"corrupti, et, necessitatibus",BH,18
25,qui,Eum at ea quas voluptates.,1974,S,187,"corporis, rerum, ratione, sit",CF,5
26,ea,In voluptatum eum animi omnis incidunt quibusdam quam natus.,1958,R18,31,"voluptatem, molestiae, voluptas, quia, culpa",GQ,17
27,illo,Pariatur qui velit vero harum dolorem quia quas.,1947,G,203,"omnis, voluptate, explicabo, sint",MX,14
28,praesentium,Perspiciatis maxime ut et dolore non doloremque ab.,1947,GP,49,"non, quo, illo, excepturi",BO,19
29,nobis,Modi sed nobis praesentium provident et.,1942,R,206,"officia, consequatur",ML,16
30,occaecati,Odit ut iure sit eveniet modi est qui rem aliquam.,2017,R21,154,architecto,SZ,13
31,qui,Suscipit totam quisquam.,1925,R21,77,"impedit, beatae, sequi",GT,4
32,quas,Suscipit facilis iusto doloremque eius alias aliquid et.,2021,NC-17,38,"a, porro, consequatur, sit, beatae",KP,5
33,qui,Amet earum impedit voluptas.,1989,TV-MA,53,voluptas,SC,2
34,aut,Nam rem deleniti voluptate nulla.,1948,G,193,quis,GY,19
35,suscipit,Commodi et corporis molestiae voluptatem possimus.,1909,PG,103,"cumque, molestias, et, sunt",EC,10
36,ad,Velit ipsam et consectetur quia et facilis dolores accusantium neque.,2003,PG,70,"nostrum, quae, perspiciatis, porro, voluptas",LI,15
37,voluptate,Tempore tempora eum magni quas aut.,1983,TV-14,188,"voluptate, et",MV,3
38,fuga,Quo consequatur optio.,1901,G,147,ratione,BY,12
39,aspernatur,Reprehenderit deserunt repudiandae voluptatum repellat itaque.,1948,T,236,"voluptatibus, dignissimos, voluptas, quo, ut",FI,18
40,nam,Rem et et voluptatem amet nam est dolores tempore.,1983,NC-17,109,"provident, qui, itaque",PL,1
41,voluptatibus,Natus incidunt optio eos.,2011,PG-13,186,"sequi, soluta, sed",CV,4
42,ab,Repellendus voluptates dolorem.,1908,E,235,"harum, voluptas, quia",WS,6
43,sint,Ab delectus eveniet dolorem et.,1925,AL,50,"eum, similique",CU,8
44,rerum,Nobis voluptas accusamus suscipit.,1991,NC-17,72,"a, enim, et, in",MQ,7
45,sit,Libero autem illum et quibusdam maiores est aut dolor.,1918,U,194,"vel, temporibus, iusto",BT,8
46,vel,Ad nostrum id ut eos nam qui.,2010,6,141,"laboriosam, quia, temporibus, voluptates, accusamus",UA,11
47,placeat,Reiciendis voluptatem impedit similique a.,1906,U/A,100,tempore,KR,9
48,consequatur,Excepturi quibusdam id labore sint dolore sapiente et.,1968,R16,156,"id, earum, iusto",DJ,4
49,voluptas,Delectus excepturi tempora.,1970,6,185,"assumenda, nostrum, omnis",ZA,1
50,minus,Omnis quod incidunt illum.,1932,PG,88,"reprehenderit, sit, cupiditate, occaecati",CD,12
51,quod,Esse eum repudiandae quo impedit occaecati qui sapiente eaque ea.,1905,18R,159,"in, minima",MV,8
52,qui,Cumque et labore molestiae quam accusantium ad tempore maiores.,1941,TV-MA,35,"doloribus, voluptate, et, voluptas, nesciunt",ER,18
53,perspiciatis,Quam nesciunt ipsa asperiores repudiandae.,1941,S,240,soluta,MC,7
54,magnam,Accusantium ipsa ea velit autem delectus dolor ipsam.,1959,U,168,et,AR,1
55,cupiditate,Sint est accusamus ducimus harum voluptatem in labore accusantium sit.,1915,C,111,"nihil, voluptates, vel, voluptatem",KM,13
56,veritatis,Tempore voluptatem quia aut et atque.,1961,T,187,"voluptas, molestias, exercitationem, qui, nihil",MY,5
57,dolores,Est doloremque dolore molestiae provident enim assumenda veritatis voluptatum nihil.,1971,E10+,185,dolorem,NU,10
58,soluta,Facilis vel soluta numquam dignissimos distinctio explicabo dolor molestiae.,1979,U,177,"est, voluptatem, ullam, omnis",CK,10
59,illum,Minus incidunt minus sint optio quos quia et blanditiis labore.,1969,C,95,"perferendis, facere, vel, nihil, saepe",KY,3
60,dicta,Sit at amet excepturi non corporis et eligendi quia.,1940,TV-PG,145,"ea, commodi, dignissimos",BM,6
61,animi,Debitis perferendis laudantium illo.,2018,TV-14,212,"nihil, aut, recusandae",GT,20
62,magnam,Reiciendis quo beatae.,1943,18,223,"sit, est, exercitationem, quaerat",BY,6
63,ut,Repudiandae dolorem neque quae quam.,1935,6,154,"aut, ut, voluptatem, facere",DZ,6
64,nobis,Enim ratione iure facilis totam molestias tempora deleniti ab iure.,1925,E10+,185,"et, quisquam",KR,14
65,excepturi,In officiis natus nesciunt quos ut sapiente fugiat dignissimos.,1922,A,226,"quo, molestiae, dolorum",GS,17
66,nisi,Ea fugit reprehenderit eaque eligendi veniam est minus et.,1930,18R,58,"beatae, animi, tempore",ES,6
67,exercitationem,Cum expedita doloremque.,1972,PG-13,74,facere,SO,8
68,culpa,Omnis ea et veritatis doloribus qui qui libero rem.,1959,R18,38,"aut, aliquam, eos, rerum",HN,15
69,hic,Minus labore et.,2008,TV-MA,67,"qui, consequatur, at",TK,2
70,voluptas,Et recusandae maxime voluptatibus sint sint reprehenderit maxime quaerat.,1980,18R,58,ratione,NR,4
71,laudantium,Sequi et in est.,2000,TV-Y,109,necessitatibus,IN,3
72,ad,Consequatur est ipsa ut vero omnis minima quo voluptate eligendi.,2015,6,191,"similique, excepturi, distinctio, pariatur, molestiae",ML,12
73,voluptatibus,Qui ex autem omnis rem.,1947,X18,79,"a, repellat, nostrum, aspernatur, doloremque",NO,5
74,nostrum,Vel omnis a quia quo hic ea ut expedita.,1976,12,39,itaque,BY,16
75,earum,Voluptatum repudiandae et ipsam et at veritatis.,2016,C,81,"nulla, atque",CY,10
76,cum,Nemo distinctio suscipit.,1999,T,102,"quidem, libero, aliquam, ea, perspiciatis",CA,12
77,non,Sit et quibusdam omnis reprehenderit omnis qui ex et ipsum.,1908,TV-14,146,"voluptas, minima",SY,6
78,recusandae,Ipsum soluta placeat dolor aut.,2003,PG-13,223,"aut, aut",GH,19
79,incidunt,Asperiores sed porro aut ut.,1929,TV-MA,238,"hic, iure",ID,3
80,incidunt,Error rem et voluptates.,1998,A,199,"velit, magnam, suscipit, iure",AR,8
81,autem,Veniam laudantium ullam porro aut cupiditate incidunt tempore.,1958,M,58,"qui, eum, pariatur",RO,1
82,iusto,Quidem et aut cupiditate voluptatum.,1996,R16,56,"iusto, modi, similique, aliquid, et",SA,9
83,recusandae,Sed consequatur aut eius ut molestiae consequatur dolor veritatis.,1910,U,196,"aut, qui",SY,12
84,nostrum,Suscipit at sequi et ea.,1976,E10+,117,"commodi, voluptatum, asperiores, optio, perspiciatis",EE,18
85,aliquam,Et soluta nostrum doloribus veritatis.,1928,GP,205,"velit, omnis, debitis, qui, eum",PE,1
86,temporibus,Illum velit et sit dolorem.,2001,12,185,"magni, earum, minima",CK,5
87,velit,Pariatur modi ratione necessitatibus et voluptatem.,1903,X18,226,"iure, aut, iusto, omnis",SY,9
88,voluptate,Illo harum dolorem sed ea iste dolor.,1940,X18,188,"consequuntur, quis, a, dolorem, sint",NP,16
89,impedit,Omnis enim quo odio nemo ad minima qui est.,1948,R18,237,"quod, distinctio, ut, pariatur",TD,8
90,repellat,Numquam ut ut ab et molestiae nisi aut fugiat ducimus.,1949,A,81,"blanditiis, occaecati",CL,18
91,autem,Sit quisquam consequatur sit aut voluptatibus labore voluptas placeat dolores.,1964,AL,218,"eveniet, dolor",WF,11
92,provident,Veritatis labore expedita odio.,2018,R21,206,"qui, nesciunt, et",BE,9
93,nulla,Ut doloribus sed.,1968,PG-13,208,"exercitationem, est, ipsum, aliquid",NP,20
94,in,Nihil facere tempora enim est harum explicabo qui.,1953,R18,71,"asperiores, fugit, qui, asperiores, ut",PE,2
95,dolorem,Laborum voluptatem aut laudantium architecto iusto dolor molestiae non.,1925,R16,116,"autem, enim, nesciunt, architecto",PM,12
96,voluptatem,Quod qui consequatur.,1997,R16,137,"cumque, harum, et",GL,20
97,ad,Quis et blanditiis et impedit ut placeat libero fugiat adipisci.,1905,NC-17,35,"praesentium, id, explicabo, est",CM,11
98,fugit,Veritatis adipisci impedit et.,2015,PG-13,33,"voluptate, perspiciatis, adipisci, itaque",ZA,14
99,fugiat,Sit et et reiciendis asperiores et animi modi qui doloremque.,1948,R18+,95,"culpa, eaque, voluptatem, facilis, ullam",AS,5
100,alias,Praesentium corrupti nostrum est nulla exercitationem vero est et qui.,1936,TV-MA,181,"et, aut, voluptatum, et",DK,17
101,aliquam,Accusantium tenetur voluptas omnis.,1962,TV-14,71,"quia, quibusdam, dolor, ad, perspiciatis",MY,1
102,ut,Quaerat odio repellat.,1944,M/PG,180,"rerum, et",JP,9
103,perspiciatis,Harum eos voluptates.,1939,A,34,consequatur,YT,5
104,in,Est odit et voluptas sed commodi sapiente alias est.,1948,MA15+,189,rerum,IL,12
105,eligendi,Enim ut rerum.,1992,R,92,"at, rerum",UZ,7
106,reprehenderit,Accusantium et fugiat necessitatibus dolore aut temporibus vero neque.,1987,TV-MA,210,"beatae, quaerat, qui, commodi",UG,2
107,voluptatibus,Reprehenderit ex libero sint accusantium iste corporis ipsum excepturi facilis.,2013,C,170,"at, sapiente, inventore, aliquam, ipsum",BA,19
108,delectus,Error sint voluptatem ut qui et voluptas odit.,1921,TV-14,239,"non, aut, occaecati, voluptatem, porro",CA,17
109,aliquam,Voluptas blanditiis fuga optio.,1930,PG,185,ab,NE,13
110,vitae,Cum aut iure maxime mollitia debitis rerum vel.,1970,EC,185,"sapiente, soluta, eum",AR,10
111,temporibus,Corrupti optio voluptate modi quaerat.,1925,6,105,"ullam, tenetur, ab, modi",NR,17
112,debitis,Ut pariatur dolore magnam placeat et dicta corporis iusto.,1939,U/A,192,"quos, velit, sit, sit",MY,9
113,adipisci,Quidem nihil est.,1935,U,161,"aliquid, et, cum, veniam, incidunt",WS,6
114,sit,Dicta modi deserunt id molestiae qui enim repellat aspernatur dignissimos.,1911,12A,225,"vel, numquam, non",GE,19
115,voluptatem,Amet dolor placeat sed eligendi optio qui tempora.,2009,PG,132,"ipsam, suscipit, rerum",CR,17
116,perferendis,Dicta iste repudiandae vel quisquam explicabo placeat.,2015,GP,63,"et, amet, ab, consequatur, omnis",LA,3
117,quia,Sint necessitatibus beatae.,1950,TV-MA,167,"placeat, sit, sapiente, atque, repudiandae",EG,4
118,voluptatem,Et consectetur nesciunt voluptates consequatur nihil culpa.,1929,TV-14,95,"facere, laborum, qui",PK,13
119,sunt,Animi temporibus doloribus blanditiis exercitationem expedita quo nulla.,1960,AL,102,"laudantium, distinctio, recusandae",AI,8
120,et,Ut aut nihil architecto facilis voluptatem sit qui.,1994,TV-MA,100,"ut, officia, nobis, in",GQ,7
121,est,Fugiat aliquam magnam dolorem temporibus modi rerum deserunt nisi accusantium.,1955,12,193,"deleniti, qui",MU,11
122,et,Doloribus voluptatem optio facere velit.,1963,PG-13,197,"sed, in, aliquam, veritatis, blanditiis",AX,10
123,quia,Ab autem id eligendi facilis magnam esse.,1948,EC,212,"dolor, quos",CK,19
124,repellendus,Culpa aspernatur est aliquid inventore quasi fuga.,1901,R18,46,occaecati,BO,8
125,rem,Fugiat explicabo occaecati ut enim ut vitae.,1984,PG-13,189,asperiores,SR,15
126,quo,Omnis perspiciatis ab adipisci voluptas quis eum et quisquam.,1907,TV-14,47,laborum,AG,10
127,est,Fugit quibusdam odit error iste eum.,1983,R18+,125,"nobis, quas, sequi, ex, aut",MA,14
128,et,Voluptatem molestiae odit deserunt asperiores harum iste.,1996,18R,177,"perferendis, et, omnis, quibusdam, nisi",LC,19
129,explicabo,Et ea eum.,1952,18,132,"error, enim, et",ME,19
130,magnam,Optio corrupti quis maxime deleniti amet.,1961,18,152,"qui, at, velit",HN,4
131,recusandae,Adipisci sint quo quisquam.,1911,M/PG,151,"qui, facilis, dolore, nemo, mollitia",NU,7
132,voluptas,At cumque veniam rerum aut ipsam placeat molestias nihil.,1922,E,169,tempore,CI,11
133,doloremque,Reiciendis dolorem ut qui itaque incidunt.,1985,E10+,80,"eius, amet, et, beatae",AW,17
134,enim,Animi nisi autem.,1940,R,151,"facilis, fuga",SY,7
135,et,Dicta dolor perspiciatis rerum sapiente nisi adipisci.,1907,R,209,"quasi, distinctio, mollitia",GW,15
136,voluptas,Quasi nemo et nam est sapiente ea.,1924,9,236,"quia, quasi, veritatis",TZ,19
137,inventore,Blanditiis neque quo cum.,1909,18,112,"voluptatem, laborum, ab",MC,13
138,est,Aut qui sed vitae consequatur voluptas.,1925,A,230,ipsa,BA,11
139,rerum,Error fugiat sapiente doloremque sit.,2016,AL,77,"praesentium, recusandae",IR,20
140,quia,Maxime est autem laudantium.,1934,18,228,nulla,TJ,6
141,nisi,Voluptatem deleniti impedit.,1992,PG,221,animi,ZM,13
142,voluptates,Expedita incidunt qui tenetur sint at.,1917,NC-17,40,"sed, at, distinctio",SD,10
143,libero,Perspiciatis voluptates voluptate molestias non doloribus mollitia ducimus illum quia.,1982,R21,142,"explicabo, et",UA,15
144,accusantium,Possimus debitis rerum reprehenderit et facilis error mollitia est qui.,1982,18,135,qui,JP,15
145,ut,Enim cumque quia ea dolorem ut debitis quia.,1912,E,89,"et, similique, consequatur",QA,19
146,ducimus,Iste provident minus.,1952,PG,44,omnis,PM,4
147,fuga,Ut similique saepe harum fugiat enim repellat dolorum id.,2014,TV-MA,145,"assumenda, nesciunt, ipsum, et",GL,17
148,et,Fuga illum ut sunt officia.,2011,15,45,"ducimus, repudiandae, dolor",LS,8
149,corrupti,Quo aut laboriosam eveniet ut ratione voluptatum.,1981,E10+,144,"nisi, aut, reiciendis, facilis",GB,2
150,natus,Voluptatum voluptas hic sed.,1901,PG,181,"minima, et, iste, reprehenderit",ST,15
151,cum,Dolorem laboriosam cum nihil et deleniti.,1952,12,239,nesciunt,GN,17
152,sed,Fugit non omnis deleniti magnam harum nam aut.,1958,E10+,224,"dolorem, qui, dicta",LR,18
153,qui,Est autem error perferendis optio rerum beatae.,1977,CA,225,"quibusdam, nam, commodi, ab, ut",TD,12
154,harum,Accusantium incidunt consequatur aut sit commodi maiores placeat iure.,1956,X18,193,"iure, voluptas, fugit",ES,11
155,amet,Corporis aliquam cum fugiat numquam.,1959,TV-Y7,195,"magni, dolores, dicta, quidem, nihil",GF,6
156,aut,Odio voluptatem quasi atque fuga ipsa sint sit dignissimos.,1935,A,137,"sunt, quam, est, quisquam, suscipit",DK,8
157,soluta,Soluta soluta molestias rerum sed.,1914,AL,40,sint,CM,4
158,nihil,Delectus accusantium iste maiores quidem a in.,2006,R18,63,"labore, aliquid",CD,13
159,pariatur,Sed ut velit quia laboriosam.,1923,PG-13,234,"sequi, ipsum, doloremque, eius",HR,14
160,libero,Aut ut doloribus pariatur.,1905,X18,99,"exercitationem, eveniet, dolorem, voluptatem",ET,13
161,cupiditate,Sunt fuga sit labore iusto eaque vero repudiandae.,1902,X18,137,"est, eum, accusantium",FO,8
162,consequatur,Quis illo nobis aliquam sit delectus ut adipisci.,1986,PG-13,129,"voluptatem, temporibus, officia, doloremque",BG,10
163,voluptate,Est et perferendis vel et repellat aperiam temporibus.,1938,PG,53,"molestias, ex, iure, error, ex",RE,16
164,commodi,Dolorum eos esse aspernatur ducimus excepturi.,1968,R18+,91,"nihil, quas, maiores, dolore, praesentium",RO,6
165,voluptate,Repudiandae et ipsa nostrum unde.,1974,G,78,"et, expedita",MA,20
166,quia,Harum incidunt harum aut soluta est incidunt voluptatem nesciunt laboriosam.,1923,C,194,"dolor, impedit, repudiandae, qui",LT,1
167,rerum,Aut impedit facilis et occaecati tempore nobis tenetur animi impedit.,1988,TV-14,48,placeat,BL,1
168,rerum,Ex non atque beatae rerum aut sed esse perspiciatis.,2022,C,217,"harum, explicabo",MD,16
169,et,Autem et quo dolorem quibusdam.,1933,TV-Y,224,"doloribus, eum",BQ,6
170,ipsum,Necessitatibus minus possimus.,1954,AL,229,"voluptas, suscipit",KH,2
171,voluptas,Sunt consequatur dolores vel blanditiis exercitationem minima.,1942,TV-G,61,"autem, sed, iusto, dolor",MX,16
172,qui,Debitis officiis aut sit recusandae voluptatem laboriosam deleniti.,1973,PG-13,226,"dolorem, iste, eaque, explicabo",VA,15
173,ut,Sunt rem unde minima modi nesciunt.,2002,TV-G,162,"voluptas, amet, et, quaerat, est",FM,2
174,recusandae,Quos commodi est debitis ratione quam et odio delectus saepe.,1906,15,57,"cumque, ipsam",CM,13
175,cumque,Voluptatem id velit illum fuga.,1969,R,136,mollitia,KM,11
176,fugiat,Commodi qui aut sed ad commodi provident.,1927,12A,123,"praesentium, fugiat, et, voluptatum, blanditiis",OM,13
177,et,Voluptatibus temporibus quo.,1950,U/A,233,"aut, molestias, est",BF,1
178,quidem,Quam natus cupiditate animi iusto.,1942,TV-14,58,"libero, sit, error",SX,7
179,magnam,Eos voluptas quia a rerum.,1909,U,87,alias,BM,5
180,consequuntur,Nihil ipsa et totam reprehenderit et architecto quos nisi cupiditate.,2023,PG,65,"dolor, praesentium, hic",RU,5
181,quibusdam,Molestiae consequatur ut.,1968,12A,164,"sunt, quasi, quia, dolorum, excepturi",KZ,3
182,illum,Eaque exercitationem quidem eum unde unde ipsum dolorum quo.,1970,12A,227,"qui, consectetur, autem",CL,10
183,sunt,Qui accusamus nostrum nulla quas dolorem architecto deleniti ratione.,1902,TV-Y,102,eveniet,HR,7
184,veniam,Quia non ea optio ex facere.,1905,12,150,"cumque, voluptatem, nihil, voluptatem",DJ,1
185,ut,Iusto voluptatem enim velit eum hic est illum suscipit.,1911,R21,197,iste,EG,14
186,cupiditate,Facere autem voluptatem et asperiores.,1923,18,182,"qui, corporis, voluptas, quo, sit",CO,10
187,quidem,Culpa et provident aut quisquam est quas.,2004,R21,77,"id, dolorem, sed, doloremque, corporis",GF,9
188,eos,Ab quasi atque harum similique laboriosam suscipit quia distinctio.,1968,GP,108,"sit, quidem, repellat, sit",ST,18
189,voluptatem,Architecto corporis quia repudiandae repellat.,1954,E10+,158,"assumenda, quae",CO,10
190,sapiente,Et aliquam earum recusandae officiis ratione impedit accusantium.,1978,12,168,"aut, magni, error, iure, beatae",TC,2
191,aut,Aspernatur nam quidem.,1956,R18+,122,earum,LU,3
192,consequuntur,Tempora eveniet illo fugit omnis asperiores quia quia.,1924,NC-17,176,"tempora, et",US,15
193,qui,Velit dignissimos omnis sapiente rem blanditiis consequatur eius voluptate.,1978,X18,151,ab,BF,16
194,adipisci,Incidunt molestiae sapiente eveniet et neque nihil sint.,1916,U/A,85,"commodi, ducimus",PA,9
195,blanditiis,Maxime est ut architecto eum ab.,1967,TV-MA,60,"et, eum, voluptatem, non, commodi",ID,10
196,veritatis,Libero esse asperiores quaerat ratione qui ut eos.,1941,E,167,"iusto, non, aliquam, et",GU,9
197,repellendus,Perspiciatis non ratione minima ipsam atque architecto consequatur corporis doloremque.,1934,TV-14,84,"mollitia, error, et",VE,11
198,est,Qui possimus inventore doloremque sed possimus.,1955,TV-G,231,"et, ut, possimus, eum",LC,17
199,libero,Fuga ratione in inventore ratione dolore rerum ullam voluptas.,2015,6,160,"explicabo, occaecati, repellendus",KP,12
200,et,Tenetur consequatur expedita tenetur quia nostrum sed aut.,1927,S,200,"aut, voluptas, omnis, atque, iure",GI,20
